Route_Name,Route_Link
Pune to Goa,https://www.redbus.in/bus-tickets/pune-to-goa
Goa to Pune,https://www.redbus.in/bus-tickets/goa-to-pune
Mumbai to Goa,https://www.redbus.in/bus-tickets/mumbai-to-goa
Bangalore to Goa,https://www.redbus.in/bus-tickets/bangalore-to-goa
Goa to Bangalore,https://www.redbus.in/bus-tickets/goa-to-bangalore
Goa to Mumbai,https://www.redbus.in/bus-tickets/goa-to-mumbai
Pandharpur to Goa,https://www.redbus.in/bus-tickets/pandharpur-to-goa
Goa to Pandharpur,https://www.redbus.in/bus-tickets/goa-to-pandharpur
Solapur to Goa,https://www.redbus.in/bus-tickets/solapur-to-goa
Calangute (goa) to Goa Airport,https://www.redbus.in/bus-tickets/calangute-goa-to-goa-airport
Goa to Kolhapur(Maharashtra),https://www.redbus.in/bus-tickets/goa-to-kolhapur-maharashtra
Goa to Solapur,https://www.redbus.in/bus-tickets/goa-to-solapur
Goa to Sangli,https://www.redbus.in/bus-tickets/goa-to-sangli
Goa Airport to Calangute (goa),https://www.redbus.in/bus-tickets/goa-airport-to-calangute-goa
Goa to Sangola (Solapur),https://www.redbus.in/bus-tickets/goa-to-sangola
Sangola (Solapur) to Goa,https://www.redbus.in/bus-tickets/sangola-to-goa
Mopa Airport to Calangute (goa),https://www.redbus.in/bus-tickets/mopa-airport-to-calangute-goa
Calangute (goa) to Mopa Airport,https://www.redbus.in/bus-tickets/calangute-goa-to-mopa-airport
Goa to Mopa Airport,https://www.redbus.in/bus-tickets/goa-to-mopa-airport
Goa to Miraj,https://www.redbus.in/bus-tickets/goa-to-miraj
Panaji to Goa Airport,https://www.redbus.in/bus-tickets/panaji-to-goa-airport
Mopa Airport to Goa,https://www.redbus.in/bus-tickets/mopa-airport-to-goa
Shivamogga to Goa,https://www.redbus.in/bus-tickets/shimoga-to-goa
Margao to Mopa Airport,https://www.redbus.in/bus-tickets/margoa-to-mopa-airport
Goa Airport to Goa,https://www.redbus.in/bus-tickets/goa-airport-to-goa
Goa to Satara,https://www.redbus.in/bus-tickets/goa-to-satara
Goa to Goa Airport,https://www.redbus.in/bus-tickets/goa-to-goa-airport
Goa Airport to Panaji,https://www.redbus.in/bus-tickets/goa-airport-to-panaji
Goa to Shirdi,https://www.redbus.in/bus-tickets/goa-to-shirdi
Calangute (goa) to Panaji,https://www.redbus.in/bus-tickets/calangute-goa-to-panaji
Mopa Airport to Margao,https://www.redbus.in/bus-tickets/mopa-airport-to-margoa
Goa to Shivamogga,https://www.redbus.in/bus-tickets/goa-to-shimoga
Calangute (goa) to Goa,https://www.redbus.in/bus-tickets/calangute-goa-to-goa
Belagavi to Goa,https://www.redbus.in/bus-tickets/belagavi-to-goa
